ID,CardName,Cost,Attack,Health,Trait,AbilityId
1,Test Card 01,1,0,3,None,
2,Test Card 02,1,1,2,Taunt,
3,Test Card 03,1,2,1,None,
4,Test Card 04,2,1,4,None,
5,Test Card 05,2,2,3,Fly,
6,Test Card 06,2,3,2,None,
7,Test Card 07,3,2,5,None,
8,Test Card 08,3,3,4,Stealth,
9,Test Card 09,3,4,3,None,
10,Test Card 10,4,3,6,None,
11,Test Card 11,4,4,5,Taunt,
12,Test Card 12,4,5,4,None,
13,Test Card 13,5,4,7,None,
14,Test Card 14,5,5,6,None,
15,Test Card 15,5,6,5,None,
16,Test Card 16,6,5,8,None,
17,Test Card 17,6,6,7,None,
18,Test Card 18,6,4,5,Stealth,
19,Test Card 19,7,6,9,None,
20,Test Card 20,7,5,8,Taunt,
21,Test Card 21,7,8,7,None,
22,Test Card 22,8,7,10,None,
23,Test Card 23,8,8,9,None,
24,Test Card 24,8,9,8,None,
25,Test Card 25,9,8,11,None,
26,Test Card 26,9,9,10,None,
27,Test Card 27,9,10,9,None,
28,Test Card 28,10,9,12,None,
29,Test Card 29,10,10,11,None,
30,Test Card 30,10,11,10,None,
